steps,return
0,41.44445986301286
1,83.35676710719379
