steps,return
0,29.753899999999994
1,29.754199999999997
2,29.754199999999997
